x;luma;index
160;99,52;35
161;106,29;35
162;99,52;35
163;102,90;35
164;96,13;35
165;136,97;36
166;125,47;35
167;129,30;36
168;121,63;35
169;117,80;36
170;121,63;35
171;110,13;35
172;113,96;35
173;106,29;35
174;110,13;35
175;106,29;35
176;106,29;35
177;106,29;35
178;106,29;35
179;106,29;35
180;99,52;35
181;106,29;35
182;92,74;34
183;85,96;35
184;85,96;34
185;79,19;34
186;79,19;34
187;79,19;34
188;79,19;34
189;79,19;34
190;69,45;33
191;66,20;34
192;62,96;33
193;53,22;33
194;53,22;33
195;53,22;33
196;53,22;33
197;53,22;33
198;41,73;32
199;35,99;33
200;38,86;32
201;30,25;32
202;30,25;32
203;30,25;32
204;30,25;32
205;30,25;32
206;30,25;32
207;30,25;32
208;30,25;32
209;30,25;32
210;30,25;32
211;30,25;32
212;30,25;32
213;30,25;32
214;30,25;32
215;30,25;32
216;30,25;32
217;30,25;32
218;30,25;32
219;30,25;32
220;30,25;32
221;30,25;32
222;30,25;32
223;30,25;32
224;30,25;32
225;30,25;32
226;30,25;32
227;30,25;32
228;30,25;32
229;30,25;32
230;30,25;32
231;30,25;32
232;30,25;32
233;30,25;32
234;30,25;32
235;30,25;32
236;27,70;32
237;30,25;32
238;30,25;32
239;30,25;32
240;30,25;32
241;30,25;32
242;30,25;32
243;30,25;32
244;30,25;32
245;30,25;32
246;30,25;32
247;30,25;32
248;30,25;32
249;30,25;32
250;30,25;32
251;30,25;32
252;30,25;32
253;30,25;32
254;30,25;32
255;30,25;32
256;35,99;32
257;30,25;32
258;30,25;32
259;30,25;32
260;35,99;32
261;30,25;32
262;30,25;32
263;30,25;32
264;35,99;32
265;30,25;32
266;30,25;32
267;30,25;32
268;35,99;32
269;30,25;32
270;30,25;32
271;30,25;32
272;35,99;32
273;30,25;32
274;30,25;32
275;30,25;32
276;35,99;32
277;30,25;32
278;30,25;32
279;30,25;32
280;35,99;32
281;30,25;32
282;30,25;32
283;30,25;32
284;35,99;32
285;30,25;32
286;30,25;32
287;30,25;32
288;35,99;32
289;30,25;32
290;30,25;32
291;30,25;32
292;30,25;32
293;30,25;32
294;30,25;32
295;30,25;32
296;30,25;32
297;30,25;32
298;30,25;32
299;30,25;32
300;30,25;32
301;30,25;32
302;30,25;32
303;30,25;32
304;30,25;32
305;30,25;32
306;30,25;32
307;30,25;32
308;30,25;32
309;30,25;32
310;30,25;32
311;30,25;32
312;27,70;32
313;30,25;32
314;30,25;32
315;30,25;32
316;30,25;32
317;30,25;32
318;30,25;32
319;30,25;32
