kennung	welle	modell	effort	tokens	tools	dauer_s	status
MP-PROBE-01	M0-0	haiku	medium	46062	3	5.2	gruen
MP-PROBE-02	M0-0	haiku	medium	46205	3	5.7	gruen
M1-INV-02	M0-1	haiku	medium	80557	8	55.3	gruen
M1-INV-01	M0-1	haiku	medium	77908	18	73.8	gruen
M1-INV-03	M0-1	haiku	medium	79301	14	80.5	gruen(Verstoss list_sessions)
M1-INV-04	M0-1	haiku	medium	95997	22	140.5	gruen
M0-KUND-B5	M0-1	haiku	max	274703	29	538.4	teil
M0-KUND-B4	M0-1	haiku	max	287922	49	575.9	teil
M0-KUND-B8	M0-1	haiku	max	329022	34	672.0	teil
M0-KUND-B6	M0-1	haiku	max	333550	54	747.8	teil(Nebendatei)
M0-KUND-B10	M0-1	haiku	max	345033	92	871.4	teil
M0-KUND-B3	M0-1	haiku	max	392269	107	966.8	teil
M0-KUND-B2	M0-1	haiku	max	406199	71	1026.6	teil
M0-KUND-B7	M0-1	haiku	max	451128	78	1090.7	teil
M1-MESS-01	M2-1	haiku	medium	87900	10	24.9	gruen
M3-D3A-R3	M3-E	haiku	max	110555	54	160.8	gruen
M3-D3A-R2	M3-E	haiku	max	123619	54	209.5	gruen
M3-D3B-R2	M3-E	haiku	max	133213	32	281.2	gruen
M2-ENTWURF-A	M2-1	haiku	max	395228	43	1048.9	gruen
M3-D3A-R1	M3-E	haiku	max	175714	96	346.5	gruen
M3-D3B-R3	M3-E	haiku	max	168957	42	397.5	gruen
F-AB2	M3-F1	haiku	medium	82002	7	116.2	gruen
M3-D3B-R1	M3-E	haiku	max	209744	66	525.2	gruen
M2-ENTWURF-B	M2-1	haiku	max	313363	48	1280.9	teil
F-TX1	M3-F1	haiku	medium	103866	7	192.5	gruen
M2-ENTWURF-C	M2-1	haiku	max	498826	72	1369.3	gruen
F-AK1	M3-F1	haiku	max	158023	11	398.4	gruen
F-FE1	M3-F1	haiku	max	159325	7	413.3	gruen
F-GA1	M3-F1	haiku	max	170427	7	451.6	gruen
F-AB1	M3-F1	haiku	max	180702	7	487.9	gruen
F-EL1	M3-F2	haiku	medium	74270	8	90.9	teil
M3-R7-SPASS	M3-F2	haiku	max	148269	9	256.4	gruen
M3-R7-TON	M3-F2	haiku	max	197495	7	420.9	gruen
M3-R7-KANON	M3-F2	haiku	max	222825	12	554.2	gruen
M2-ENTWURF-D	M2-1	opus	max	442717	92	2377.5	gruen
F2-GA	M3-R2	haiku	medium	102404	11	174.5	gruen
F2-FE	M3-R2	haiku	max	189401	7	509.8	gruen
M2-RICHTER-2	M3-F3	haiku	max	206684	11	515.9	gruen
F2-AB	M3-R2	haiku	max	201992	7	564.0	gruen
M2-RICHTER-1	M3-F3	haiku	max	101052	10	623.2	teil
M2-RICHTER-3	M3-F3	haiku	max	253994	12	724.3	gruen
M3-R7B-TON	M3-R2	haiku	max	149499	6	293.7	gruen
M3-R7B-SPASS	M3-R2	haiku	max	151851	8	311.6	gruen
M3-R7B-GESAMT2	M3-R2	haiku	max	158176	8	338.6	gruen
M3-R7B-GESAMT1	M3-R2	haiku	max	177322	8	420.7	gruen
M3-R7B-KANON	M3-R2	haiku	max	153273	8	820.9	teil
